Horizon,RMSE,MAE,NRMSE,Skill
h=1,7.959439429898998,4.966230731194187,1.0121532190218137,-12.025554910156938
h=6,8.206491431076536,5.179915488712889,1.01591153335629,-2.822032303912069
