Horizon,RMSE,MAE,NRMSE,Skill
h=1,8.651498535559803,4.708772194238752,1.10015814169472,-13.158103748709166
h=6,8.941381339696045,4.935521104697055,1.1068862379768947,-3.1642946451516423
