Horizon,RMSE,MAE,NRMSE,Skill
h=1,7.996581114082471,4.915404818869819,1.016876299778604,-12.086336960331252
h=6,8.246635056289982,5.126996599936343,1.0208810592721567,-2.840728507234833
