Horizon,RMSE,MAE,NRMSE,Skill
h=1,0.6110633661904465,0.48266369047619034,0.07770518999022198,0.0
h=6,2.1471538643660133,1.6680803571428569,0.26580401539684695,0.0
