{
  "Persistence": {
    "per_horizon": {
      "h=1": {
        "rmse": 0.6110633661904465,
        "mae": 0.48266369047619034,
        "nrmse": 0.07770518999022198,
        "skill": 0.0
      },
      "h=6": {
        "rmse": 2.1471538643660133,
        "mae": 1.6680803571428569,
        "nrmse": 0.26580401539684695,
        "skill": 0.0
      }
    },
    "vpt": 2,
    "fsdh": 0,
    "training_time": 1.5974044799804688e-05
  },
  "SeasonalNaive": {
    "per_horizon": {
      "h=1": {
        "rmse": 5.299806614284103,
        "mae": 3.3794642857142856,
        "nrmse": 0.6739439846342073,
        "skill": -7.673088434878197
      },
      "h=6": {
        "rmse": 5.322562598884828,
        "mae": 3.4166666666666665,
        "nrmse": 0.6588994549779963,
        "skill": -1.4788920287537999
      }
    },
    "vpt": 0,
    "fsdh": 0,
    "training_time": 0.00034546852111816406
  },
  "ARIMA(2,1,2)": {
    "per_horizon": {
      "h=1": {
        "rmse": 7.959439429898998,
        "mae": 4.966230731194187,
        "nrmse": 1.0121532190218137,
        "skill": -12.025554910156938
      },
      "h=6": {
        "rmse": 8.206491431076536,
        "mae": 5.179915488712889,
        "nrmse": 1.01591153335629,
        "skill": -2.822032303912069
      }
    },
    "vpt": 0,
    "fsdh": 0,
    "training_time": 24.03673481941223
  },
  "ExpSmoothing": {
    "per_horizon": {
      "h=1": {
        "rmse": 8.65263022106793,
        "mae": 4.709226192378749,
        "nrmse": 1.1003020512175021,
        "skill": -13.159955742415127
      },
      "h=6": {
        "rmse": 8.9425693290723,
        "mae": 4.936011906664463,
        "nrmse": 1.1070333035187256,
        "skill": -3.1648479307805726
      }
    },
    "vpt": 0,
    "fsdh": 0,
    "training_time": 0.12206768989562988
  },
  "HoltWinters": {
    "per_horizon": {
      "h=1": {
        "rmse": 8.651498535559803,
        "mae": 4.708772194238752,
        "nrmse": 1.10015814169472,
        "skill": -13.158103748709166
      },
      "h=6": {
        "rmse": 8.941381339696045,
        "mae": 4.935521104697055,
        "nrmse": 1.1068862379768947,
        "skill": -3.1642946451516423
      }
    },
    "vpt": 0,
    "fsdh": 0,
    "training_time": 11.962376356124878
  },
  "Theta": {
    "per_horizon": {
      "h=1": {
        "rmse": 8.654829728244676,
        "mae": 4.710004734278978,
        "nrmse": 1.1005817490892948,
        "skill": -13.163555217197027
      },
      "h=6": {
        "rmse": 8.944865770785473,
        "mae": 4.936866504314722,
        "nrmse": 1.107317588421925,
        "skill": -3.1659174590297043
      }
    },
    "vpt": 0,
    "fsdh": 0,
    "training_time": 1.046238899230957
  },
  "LinearRegression": {
    "per_horizon": {
      "h=1": {
        "rmse": 0.5925610923340033,
        "mae": 0.46773640747490286,
        "nrmse": 0.07535236901483079,
        "skill": 0.03027881375346053
      },
      "h=6": {
        "rmse": 2.3170653362050033,
        "mae": 1.737511282526018,
        "nrmse": 0.286837976784671,
        "skill": -0.07913334701291164
      }
    },
    "vpt": 2,
    "fsdh": 1,
    "training_time": 0.057683706283569336
  },
  "Ridge(alpha=1)": {
    "per_horizon": {
      "h=1": {
        "rmse": 0.5926495910757749,
        "mae": 0.46783342932664407,
        "nrmse": 0.07536362285841516,
        "skill": 0.030133986315476147
      },
      "h=6": {
        "rmse": 2.3173001924317407,
        "mae": 1.7376049939297336,
        "nrmse": 0.28686705049435884,
        "skill": -0.07924272726303494
      }
    },
    "vpt": 2,
    "fsdh": 1,
    "training_time": 0.026895761489868164
  },
  "Lasso(alpha=0.01)": {
    "per_horizon": {
      "h=1": {
        "rmse": 0.6453778732979831,
        "mae": 0.5074926949290453,
        "nrmse": 0.08206875593402121,
        "skill": -0.056155398942442813
      },
      "h=6": {
        "rmse": 2.415446222494152,
        "mae": 1.8097374904822527,
        "nrmse": 0.29901690585349094,
        "skill": -0.12495255350848233
      }
    },
    "vpt": 2,
    "fsdh": 0,
    "training_time": 1.4500467777252197
  },
  "ElasticNet(alpha=0.01)": {
    "per_horizon": {
      "h=1": {
        "rmse": 0.6432565728386054,
        "mae": 0.5063003944284121,
        "nrmse": 0.0817990031320329,
        "skill": -0.05268390878815232
      },
      "h=6": {
        "rmse": 2.3985600136375163,
        "mae": 1.790490874830622,
        "nrmse": 0.2969265004133345,
        "skill": -0.11708809202908954
      }
    },
    "vpt": 2,
    "fsdh": 0,
    "training_time": 2.572458267211914
  },
  "RandomForest": {
    "per_horizon": {
      "h=1": {
        "rmse": 0.7417561625314846,
        "mae": 0.5558948405374732,
        "nrmse": 0.09432459336461547,
        "skill": -0.21387764931125952
      },
      "h=6": {
        "rmse": 2.1898253967237564,
        "mae": 1.6565784947186397,
        "nrmse": 0.27108648016663356,
        "skill": -0.019873532617254996
      }
    },
    "vpt": 2,
    "fsdh": 0,
    "training_time": 93.03103232383728
  },
  "XGBoost": {
    "per_horizon": {
      "h=1": {
        "rmse": 1.252586375410002,
        "mae": 0.7904525764512277,
        "nrmse": 0.15928374644220233,
        "skill": -1.0498469466742923
      },
      "h=6": {
        "rmse": 2.6448530729341866,
        "mae": 1.9484007421431269,
        "nrmse": 0.32741601735568865,
        "skill": -0.23179485030297453
      }
    },
    "vpt": 2,
    "fsdh": 0,
    "training_time": 1.078195571899414
  },
  "SVR": {
    "per_horizon": {
      "h=1": {
        "rmse": 1.3640339546527767,
        "mae": 0.7972035563900929,
        "nrmse": 0.17345585329422902,
        "skill": -1.2322299619376236
      },
      "h=6": {
        "rmse": 2.5040133397552817,
        "mae": 1.871482009718483,
        "nrmse": 0.3099809526276064,
        "skill": -0.1662011657905278
      }
    },
    "vpt": 2,
    "fsdh": 0,
    "training_time": 87.85994601249695
  },
  "KNN": {
    "per_horizon": {
      "h=1": {
        "rmse": 1.3948152826159625,
        "mae": 0.9510416666666669,
        "nrmse": 0.1773701264610895,
        "skill": -1.2826033432697201
      },
      "h=6": {
        "rmse": 3.0174582664688097,
        "mae": 2.089389880952381,
        "nrmse": 0.37354217451791205,
        "skill": -0.405329313630614
      }
    },
    "vpt": 2,
    "fsdh": 0,
    "training_time": 2.5381968021392822
  },
  "LSTM": {
    "per_horizon": {
      "h=1": {
        "rmse": 7.912425735553593,
        "mae": 5.1168810574510815,
        "nrmse": 1.0061747751264987,
        "skill": -11.948617399341156
      },
      "h=6": {
        "rmse": 8.15280592244202,
        "mae": 5.335499455620657,
        "nrmse": 1.0092656082549283,
        "skill": -2.797029201188284
      }
    },
    "vpt": 0,
    "fsdh": 0,
    "training_time": 68.6975269317627
  },
  "GRU": {
    "per_horizon": {
      "h=1": {
        "rmse": 7.798767539036437,
        "mae": 4.980007663552554,
        "nrmse": 0.9917215575995311,
        "skill": -11.762616727715667
      },
      "h=6": {
        "rmse": 8.03267153555637,
        "mae": 5.185664365718858,
        "nrmse": 0.9943937339326504,
        "skill": -2.741078675760465
      }
    },
    "vpt": 0,
    "fsdh": 0,
    "training_time": 58.45640802383423
  },
  "CNN": {
    "per_horizon": {
      "h=1": {
        "rmse": 8.002278308190519,
        "mae": 4.914564737926981,
        "nrmse": 1.017600777099732,
        "skill": -12.095660370018804
      },
      "h=6": {
        "rmse": 8.254389260220023,
        "mae": 5.132502720492495,
        "nrmse": 1.0218409804846122,
        "skill": -2.8443398944105405
      }
    },
    "vpt": 0,
    "fsdh": 0,
    "training_time": 69.81861782073975
  },
  "Transformer": {
    "per_horizon": {
      "h=1": {
        "rmse": 8.395441331248012,
        "mae": 4.637740147680683,
        "nrmse": 1.0675969134976238,
        "skill": -12.739068312322054
      },
      "h=6": {
        "rmse": 8.678438263195922,