{
  "L63_Persistence": {
    "per_horizon": {
      "h=1": {
        "rmse": 0.11278746450759447,
        "mae": 0.09198583489985629,
        "nrmse": 0.11747411999687173,
        "skill": 0.0
      },
      "h=6": {
        "rmse": 0.6289571395785742,
        "mae": 0.5215618490120505,
        "nrmse": 0.638959398882011,
        "skill": 0.0
      }
    },
    "vpt": 1,
    "fsdh": 0
  },
  "L63_Ridge": {
    "per_horizon": {
      "h=1": {
        "rmse": 0.03621255355821518,
        "mae": 0.028282800718835786,
        "nrmse": 0.03771729314656658,
        "skill": 0.6789310433006779
      },
      "h=6": {
        "rmse": 0.3592151758897612,
        "mae": 0.28325622751929064,
        "nrmse": 0.3649277485101889,
        "skill": 0.4288717731538124
      }
    },
    "vpt": 2,
    "fsdh": 2
  },
  "L63_RandomForest": {
    "per_horizon": {
      "h=1": {
        "rmse": 0.03751384075320748,
        "mae": 0.028066822277627558,
        "nrmse": 0.03907265270502731,
        "skill": 0.6673935271354423
      },
      "h=6": {
        "rmse": 0.17758666293292322,
        "mae": 0.10287766143113916,
        "nrmse": 0.18041081062075662,
        "skill": 0.7176490228699635
      }
    },
    "vpt": 2,
    "fsdh": 2
  },
  "L63_LSTM64": {
    "per_horizon": {
      "h=1": {
        "rmse": 1.0312268377373903,
        "mae": 0.6421100176879458,
        "nrmse": 1.0740773880256853,
        "skill": -8.143097969614818
      },
      "h=6": {
        "rmse": 1.0544332907962444,
        "mae": 0.6634732106163755,
        "nrmse": 1.0712018661554286,
        "skill": -0.6764787684940754
      }
    },
    "vpt": 0,
    "fsdh": 0
  },
  "L63_ESN500": {
    "per_horizon": {
      "h=1": {
        "rmse": 1.3689498655101164,
        "mae": 1.1454288355497129,
        "nrmse": 1.4258338147127012,
        "skill": -11.13742920356135
      },
      "h=6": {
        "rmse": 1.3769815124133986,
        "mae": 1.1540876998244292,
        "nrmse": 1.3988795485060104,
        "skill": -1.1893089779313577
      }
    },
    "vpt": 0,
    "fsdh": 0
  },
  "lyapunov_exponent": 3.588256531363647e-05,
  "sigma": 10.0,
  "rho": 28.0,
  "beta": 2.6666666666666665
}